oop,Ruby,2011
oop,Ruby,2013
oop,Ruby,2013
oop,Ruby,2013
oop,Ruby,2013
oop,Ruby,2013
oop,Ruby,2013
oop,Ruby,2012
oop,Ruby,2012
oop,ActionScript,2010
oop,ActionScript,2010
oop,ActionScript,2010
oop,ActionScript,2010
oop,ActionScript,2010
oop,ActionScript,2010
oop,ActionScript,2010
oop,ActionScript,2010
oop,ActionScript,2009
oop,ActionScript,2009
oop,ActionScript,2011
oop,ActionScript,2011
oop,ActionScript,2011
oop,ActionScript,2011
oop,ActionScript,2011
oop,ActionScript,2011
oop,ActionScript,2011
oop,ActionScript,2011
oop,ActionScript,2011
oop,ActionScript,2010
oop,ActionScript,2010
oop,ActionScript,2010
oop,ActionScript,2010
oop,ActionScript,2010
oop,ActionScript,2010
oop,ActionScript,2010
oop,ActionScript,2010
oop,ActionScript,2010
oop,ActionScript,2010
oop,ActionScript,2010
oop,ActionScript,2010
oop,ActionScript,2010
oop,ActionScript,2010
oop,ActionScript,2010
oop,ActionScript,2010
oop,ActionScript,2010
oop,ActionScript,2010
oop,Ruby,2014
oop,Ruby,2014
oop,Ruby,2013
oop,Ruby,2013
oop,ActionScript,2011
oop,ActionScript,2010
oop,ActionScript,2010
oop,ActionScript,2010
oop,ActionScript,2010
oop,ActionScript,2010
oop,ActionScript,2010
oop,ActionScript,2010
oop,ActionScript,2010
oop,ActionScript,2010
oop,ActionScript,2010
oop,ActionScript,2010
oop,ActionScript,2010
oop,ActionScript,2010
oop,ActionScript,2010
oop,ActionScript,2010
oop,ActionScript,2010
oop,ActionScript,2010
oop,ActionScript,2010
oop,ActionScript,2010
oop,ActionScript,2010
oop,ActionScript,2010
oop,ActionScript,2010
oop,ActionScript,2010
oop,ActionScript,2010
oop,ActionScript,2010
oop,ActionScript,2010
oop,ActionScript,2010
oop,ActionScript,2010
oop,ActionScript,2010
oop,Ruby,2013
oop,Ruby,2016
oop,Ruby,2015
oop,Ruby,2015
oop,Ruby,2013
oop,Ruby,2013
oop,Ruby,2013
oop,Ruby,2011
oop,Ruby,2011
oop,Ruby,2011
oop,Ruby,2011
oop,Ruby,2011
oop,ActionScript,2010
oop,ActionScript,2010
oop,ActionScript,2010
oop,ActionScript,2010
oop,ActionScript,2010
oop,Ruby,2013
oop,Ruby,2013
oop,Ruby,2013
oop,Ruby,2013
oop,Ruby,2013
oop,Ruby,2013
oop,JavaScript,2015
oop,JavaScript,2015
oop,JavaScript,2015
oop,Ruby,2012
oop,HTML,2012
oop,HTML,2012
oop,HTML,2012
oop,Ruby,2013
oop,Ruby,2013
oop,Ruby,2013
oop,Ruby,2013
oop,Ruby,2013
oop,Ruby,2013
oop,Ruby,2013
oop,Ruby,2013
oop,Ruby,2013
oop,Ruby,2013
oop,Ruby,2013
oop,Ruby,2013
oop,Ruby,2013
oop,Ruby,2013
oop,Ruby,2013
oop,Ruby,2013
oop,Ruby,2013
oop,Ruby,2013
oop,Ruby,2013
oop,Ruby,2013
oop,Ruby,2013
oop,Ruby,2013
oop,Ruby,2013
oop,Ruby,2013
oop,Ruby,2013
oop,Ruby,2013
oop,Ruby,2013
oop,Ruby,2013
oop,Ruby,2013
oop,Ruby,2012
oop,Ruby,2012
oop,Ruby,2012
oop,Ruby,2012
oop,Ruby,2012
oop,Ruby,2013
oop,Ruby,2013
oop,Ruby,2013
oop,Ruby,2013
oop,Ruby,2013
oop,Ruby,2013
oop,Ruby,2013
oop,Ruby,2013
oop,Ruby,2013
oop,Ruby,2013
oop,Ruby,2013
oop,Ruby,2013
oop,Ruby,2013
oop,Ruby,2013
oop,Ruby,2013
oop,Ruby,2013
oop,Ruby,2013
oop,Ruby,2013
oop,Ruby,2013
oop,Ruby,2013
oop,Ruby,2013
oop,Ruby,2013
oop,Ruby,2013
oop,Ruby,2013
oop,Ruby,2013
oop,Ruby,2013
oop,Ruby,2013
oop,Ruby,2013
oop,Ruby,2013
oop,Ruby,2013
oop,Ruby,2013
oop,Ruby,2013
oop,Ruby,2013
oop,Ruby,2013
oop,Ruby,2013
oop,Ruby,2013
oop,Ruby,2013
oop,Ruby,2013
oop,Ruby,2013
oop,Ruby,2013
oop,Ruby,2013
oop,Ruby,2013
oop,Ruby,2013
oop,Ruby,2013
oop,Ruby,2013
oop,Ruby,2013
oop,Ruby,2013
oop,Ruby,2013
oop,Ruby,2013
oop,Ruby,2013
oop,Ruby,2013
oop,Ruby,2013
oop,Ruby,2013
oop,Ruby,2013
oop,Ruby,2013
oop,Ruby,2013
oop,Ruby,2013
oop,Ruby,2013
oop,Ruby,2013
oop,Ruby,2013
oop,Ruby,2013
---
oop,Java,2021
oop,Java,2021
oop,Java,2021
oop,Java,2021
oop,Java,2021
oop,Java,2021
oop,Java,2021
oop,Java,2021
oop,Java,2021
---
functional,Emacs Lisp,2020
functional,Emacs Lisp,2017
functional,Emacs Lisp,2017
functional,Emacs Lisp,2017
functional,Emacs Lisp,2017
functional,Emacs Lisp,2016
functional,Emacs Lisp,2016
functional,Emacs Lisp,2016
functional,Emacs Lisp,2016
functional,Emacs Lisp,2016
functional,Emacs Lisp,2016
functional,Emacs Lisp,2016
functional,Emacs Lisp,2016
functional,Emacs Lisp,2016
functional,Emacs Lisp,2016
functional,Emacs Lisp,2016
functional,Emacs Lisp,2016
functional,Emacs Lisp,2016
functional,Emacs Lisp,2016
functional,Emacs Lisp,2016
functional,Emacs Lisp,2016
functional,Emacs Lisp,2016
functional,Emacs Lisp,2016
functional,Emacs Lisp,2016
functional,Emacs Lisp,2016
functional,Emacs Lisp,2016
functional,Emacs Lisp,2016
functional,Emacs Lisp,2016
functional,Emacs Lisp,2016
functional,Emacs Lisp,2016
functional,Haskell,2015
functional,Haskell,2015
functional,Haskell,2015
functional,Haskell,2020
functional,Haskell,2020
functional,Haskell,2020
functional,Haskell,2020
functional,Haskell,2020
functional,Haskell,2020
functional,Haskell,2020
functional,Haskell,2020
functional,Haskell,2020
functional,Haskell,2020
functional,Haskell,2020
functional,Haskell,2020
functional,Haskell,2020
functional,Haskell,2020
functional,Haskell,2020
functional,Haskell,2020
functional,Haskell,2020
functional,Haskell,2020
functional,Haskell,2020
functional,Haskell,2020
functional,Haskell,2020
functional,Haskell,2020
functional,Emacs Lisp,2014
functional,Emacs Lisp,2014
functional,Emacs Lisp,2014
functional,Emacs Lisp,2014
---
other,CSS,2015
other,CSS,2014
other,CSS,2014
other,CSS,2014
other,CSS,2014
other,CSS,2014
other,CSS,2014
other,CSS,2014
other,CSS,2014
other,CSS,2014
other,CSS,2017
other,CSS,2017
other,CSS,2015
other,CSS,2015
other,CSS,2015
other,Ruby,2009
other,Ruby,2009
other,Ruby,2009
other,Ruby,2009
other,Ruby,2009
other,Ruby,2009
other,Ruby,2009
other,Ruby,2009
other,Ruby,2009
other,Ruby,2009
other,Ruby,2009
other,Ruby,2009
other,Ruby,2009
other,Ruby,2009
other,Ruby,2009
other,Ruby,2009
other,Ruby,2009
other,TypeScript,2020
other,TypeScript,2020
other,TypeScript,2020
other,TypeScript,2020
other,TypeScript,2020
other,TypeScript,2020
other,TypeScript,2020
other,TypeScript,2020
other,JavaScript,2019
other,JavaScript,2019
other,JavaScript,2019
other,JavaScript,2019
other,JavaScript,2019
other,JavaScript,2019
other,JavaScript,2019
other,JavaScript,2019
other,JavaScript,2019
other,JavaScript,2019
other,JavaScript,2019
other,JavaScript,2019
other,JavaScript,2017
other,JavaScript,2017
other,JavaScript,2017
other,JavaScript,2017
other,JavaScript,2017
other,JavaScript,2017
other,JavaScript,2017
other,JavaScript,2017
other,JavaScript,2017
other,JavaScript,2017
other,JavaScript,2017
other,JavaScript,2017
other,JavaScript,2017
other,JavaScript,2017
other,JavaScript,2017
other,JavaScript,2017
other,JavaScript,2017
other,Ruby,2009
other,Ruby,2009
other,Ruby,2009
other,Ruby,2009
other,Ruby,2009
other,Ruby,2009
other,Ruby,2009
other,Ruby,2009
other,Ruby,2009
other,Ruby,2009
other,TypeScript,2021
other,TypeScript,2021
other,TypeScript,2021
other,TypeScript,2021
other,TypeScript,2020
other,TypeScript,2020
other,TypeScript,2020
other,TypeScript,2020
other,TypeScript,2020
other,TypeScript,2020
other,TypeScript,2020
other,TypeScript,2020
other,TypeScript,2020
other,JavaScript,2017
other,JavaScript,2017
other,JavaScript,2017
other,JavaScript,2017
other,JavaScript,2017
other,JavaScript,2017
other,JavaScript,2017
other,JavaScript,2017
other,JavaScript,2017
other,JavaScript,2017
other,JavaScript,2017
other,JavaScript,2017
other,JavaScript,2017
other,JavaScript,2017
other,JavaScript,2017
other,JavaScript,2017
other,JavaScript,2017
other,JavaScript,2017
other,JavaScript,2017
other,JavaScript,2017
other,JavaScript,2017
other,JavaScript,2017
other,JavaScript,2017
other,JavaScript,2018
other,JavaScript,2018
other,JavaScript,2018
other,JavaScript,2018
other,JavaScript,2018
other,JavaScript,2018
other,JavaScript,2018
other,JavaScript,2018
other,JavaScript,2018
other,JavaScript,2018
other,JavaScript,2018
other,JavaScript,2018
other,JavaScript,2018
other,JavaScript,2018
other,JavaScript,2018
other,JavaScript,2018
other,JavaScript,2018
other,JavaScript,2018
other,JavaScript,2018
other,JavaScript,2018
other,Ruby,2010
other,JavaScript,2010
other,JavaScript,2010
other,JavaScript,2010
other,JavaScript,2010
other,JavaScript,2010
other,JavaScript,2010
other,JavaScript,2010
other,JavaScript,2010
other,JavaScript,2010
other,JavaScript,2010
other,JavaScript,2014
other,JavaScript,2016
other,JavaScript,2016
other,JavaScript,2016
other,JavaScript,2016
other,JavaScript,2016
other,JavaScript,2016
other,JavaScript,2011
other,JavaScript,2011
other,JavaScript,2011
other,JavaScript,2011
other,JavaScript,2011
other,JavaScript,2011
other,JavaScript,2011
other,JavaScript,2011
other,JavaScript,2011
other,JavaScript,2011
other,JavaScript,2011
other,JavaScript,2011
other,JavaScript,2011
other,JavaScript,2010
other,JavaScript,2010
other,JavaScript,2010
other,JavaScript,2010
other,JavaScript,2010
other,JavaScript,2010
other,JavaScript,2010
other,JavaScript,2010
other,JavaScript,2010
other,JavaScript,2010
other,JavaScript,2010
other,JavaScript,2010
other,JavaScript,2010
other,JavaScript,2010
other,JavaScript,2010
other,JavaScript,2010
other,JavaScript,2010
other,JavaScript,2013
other,JavaScript,2013
other,JavaScript,2013
other,JavaScript,2013
other,JavaScript,2013
other,JavaScript,2013
other,JavaScript,2013
other,JavaScript,2013
other,JavaScript,2013
other,JavaScript,2013
other,JavaScript,2013
other,JavaScript,2013
other,PHP,2008
other,PHP,2008
other,PHP,2008
other,PHP,2008
other,PHP,2008
other,PHP,2008
other,PHP,2008
other,PHP,2008
other,PHP,2008
other,PHP,2008
other,PHP,2008
other,PHP,2008
other,PHP,2008
other,PHP,2008
other,PHP,2008
other,JavaScript,2010
other,JavaScript,2010
other,JavaScript,2010
other,JavaScript,2010
other,JavaScript,2010
other,JavaScript,2010
other,JavaScript,2010
other,JavaScript,2010
other,JavaScript,2010
other,JavaScript,2010
other,JavaScript,2010
other,JavaScript,2010
other,JavaScript,2010
other,JavaScript,2010
other,JavaScript,2010
other,JavaScript,2010
other,JavaScript,2010
other,JavaScript,2010
other,JavaScript,2010
other,JavaScript,2010
other,JavaScript,2010
other,JavaScript,2010
other,JavaScript,2010
other,JavaScript,2010
other,JavaScript,2010
other,JavaScript,2010
other,JavaScript,2010
other,JavaScript,2010
other,JavaScript,2010
other,JavaScript,2010
other,JavaScript,2020
other,JavaScript,2020
other,JavaScript,2020
other,JavaScript,2020
other,JavaScript,2020
other,JavaScript,2020
other,JavaScript,2020
other,JavaScript,2020
other,JavaScript,2020
other,JavaScript,2019
other,JavaScript,2019
other,JavaScript,2019
other,JavaScript,2019
other,JavaScript,2019
other,JavaScript,2018
other,JavaScript,2018
other,JavaScript,2018
other,JavaScript,2018
other,JavaScript,2018
other,JavaScript,2018
other,JavaScript,2018
other,JavaScript,2018
other,JavaScript,2017
other,JavaScript,2017
other,JavaScript,2017
other,JavaScript,2017
other,JavaScript,2017
other,JavaScript,2017
other,JavaScript,2017
other,JavaScript,2016
other,HTML,2018
other,HTML,2018
other,HTML,2018
other,HTML,2018
---
oop,Ruby,2019
oop,Ruby,2019
oop,Ruby,2019
oop,Ruby,2019
oop,Ruby,2019
oop,Ruby,2019
oop,Ruby,2018
oop,Ruby,2018
oop,Ruby,2018
oop,Ruby,2018
oop,Ruby,2018
oop,Ruby,2018
oop,Ruby,2018
oop,Ruby,2018
oop,Ruby,2018
oop,Ruby,2018
oop,Ruby,2018
oop,Ruby,2018
oop,Ruby,2018
oop,Ruby,2018
oop,Ruby,2018
oop,Ruby,2018
oop,Ruby,2018
oop,Ruby,2018
oop,Ruby,2018
oop,Ruby,2018
oop,Ruby,2018
oop,Ruby,2018
oop,Ruby,2018
oop,Ruby,2018
oop,Ruby,2017
oop,Ruby,2016
oop,Ruby,2016
oop,Ruby,2016
oop,Ruby,2016
oop,Ruby,2016
oop,Ruby,2016
oop,Ruby,2016
oop,Ruby,2016
oop,Ruby,2016
oop,Ruby,2016
oop,Ruby,2016
oop,Ruby,2016
oop,Ruby,2016
oop,Ruby,2016
oop,Ruby,2016
oop,Ruby,2016
oop,Ruby,2016
oop,Ruby,2016
oop,Ruby,2016
oop,HTML,2017
oop,HTML,2017
oop,HTML,2017
oop,HTML,2017
oop,HTML,2017
oop,HTML,2017
oop,HTML,2017
oop,HTML,2017
oop,HTML,2017
oop,HTML,2017
oop,HTML,2017
oop,HTML,2017
oop,HTML,2017
oop,HTML,2017
oop,HTML,2017
oop,HTML,2017
oop,HTML,2017
oop,HTML,2017
oop,HTML,2017
oop,HTML,2017
---
